id,name,description
1,Sissie,Product Management
2,Thomasin,Support
3,Wit,Training
4,Earl,Research and Development
5,Dyna,Support
6,Roddy,Training
7,Had,Support
8,Orsola,Marketing
9,Loree,Training
10,Terrill,Marketing
11,Becki,Sales
12,Meryl,Engineering
13,Lethia,Support
14,Aleece,Research and Development
15,Dolley,Support
16,Camille,Human Resources
17,Antons,Accounting
18,Angelle,Accounting
19,Lonnie,Sales
20,Jillie,Sales
21,Odey,Sales
22,Ancell,Legal
23,Sibella,Services
24,Ferrell,Training
25,Dredi,Business Development
26,Afton,Marketing
27,Leanora,Services
28,Reinold,Business Development
29,Jeffry,Support
30,Ashil,Services
31,Jodie,Support
32,Kacie,Business Development
33,Layla,Training
34,Susan,Human Resources
35,Gare,Training
36,Ethelbert,Training
37,Kissie,Human Resources
38,Erica,Engineering
39,Shoshanna,Engineering
40,Waneta,Accounting
41,Glyn,Services
42,Margie,Legal
43,Wesley,Support
44,Artus,Sales
45,Vladimir,Engineering
46,Nanny,Sales
47,Fairlie,Training
48,Brett,Marketing
49,Nannette,Legal
50,Patrizia,Product Management
51,Trista,Research and Development
52,Suzette,Services
53,Yorker,Accounting
54,Shirleen,Business Development
55,Gill,Business Development
56,Lev,Support
57,Kalindi,Human Resources
58,Abigail,Support
59,Welbie,Training
60,Kristopher,Human Resources
61,Minnaminnie,Support
62,Maurise,Training
63,Madelena,Accounting
64,Colan,Training
65,Walt,Engineering
66,Kippy,Human Resources
67,Alvis,Sales
68,Tarrance,Product Management
69,Meredith,Human Resources
70,Geordie,Accounting
71,Nadean,Training
72,Yettie,Research and Development
73,Gypsy,Sales
74,Kathi,Marketing
75,Jordanna,Legal
76,Kort,Engineering
77,Keefer,Marketing
78,Lenci,Legal
79,Harmon,Accounting
80,Ab,Services
81,Ashbey,Research and Development
82,Gibb,Training
83,Corrie,Research and Development
84,Inglebert,Services
85,Elmo,Engineering
86,Jeannie,Business Development
87,Lorilee,Accounting
88,Pearce,Training
89,Llywellyn,Engineering
90,Alisa,Accounting
91,Haven,Legal
92,Baxie,Marketing
93,Pepi,Legal
94,Margaux,Product Management
95,Peter,Business Development
96,Fawne,Business Development
97,Farr,Business Development
98,Marybeth,Sales
99,Caralie,Product Management
100,Lorilyn,Support
101,Boycey,Human Resources
102,Ashien,Product Management
103,Cymbre,Product Management
104,Gaspar,Research and Development
105,Sacha,Business Development
106,Maurine,Product Management
107,Any,Sales
108,Worth,Engineering
109,Trina,Marketing
110,Nahum,Human Resources
111,Ev,Product Management
112,Ellsworth,Engineering
113,Rosalyn,Marketing
114,Ailey,Legal
115,Jackie,Sales
116,Susette,Marketing
117,Adan,Business Development
118,Joly,Legal
119,Leigh,Legal
120,Ignazio,Business Development
121,Alie,Support
122,Donnajean,Accounting
123,Dorothea,Marketing
124,Sammie,Human Resources
125,Diego,Human Resources
126,Herculie,Engineering
127,Allayne,Human Resources
128,Shadow,Business Development
129,Rustie,Human Resources
130,Doti,Business Development
131,Heida,Product Management
132,Daryn,Services
133,Michal,Sales
134,Elaine,Human Resources
135,Holmes,Sales
136,Whitaker,Training
137,Heinrick,Training
138,Sheilah,Marketing
139,Evie,Human Resources
140,Cortie,Services
141,Ivar,Sales
142,Alameda,Training
143,Anders,Support
144,June,Human Resources
145,Deirdre,Engineering
146,Titos,Training
147,Gunar,Business Development
148,Keith,Legal
149,Port,Research and Development
150,Freddy,Legal
151,Dollie,Sales
152,Donnie,Human Resources
153,Sandye,Engineering
154,Emery,Legal
155,Jana,Research and Development
156,Carlynn,Business Development
157,Marty,Research and Development
158,Brunhilda,Legal
159,Jolynn,Engineering
160,Vikky,Research and Development
161,Jessamyn,Support
162,Dorthy,Business Development
163,Charlton,Research and Development
164,Killian,Engineering
165,Vina,Support
166,Sheila-kathryn,Legal
167,Gran,Accounting
168,Jessamyn,Services
169,Casie,Support
170,My,Accounting
171,Angelita,Product Management
172,Alisander,Support
173,Monah,Engineering
174,Bradford,Support
175,Dunc,Accounting
176,Theodor,Training
177,Devinne,Accounting
178,Arvin,Marketing
179,Dulci,Research and Development
180,Fiona,Human Resources
181,Claudette,Sales
182,Thorstein,Research and Development
183,Randee,Support
184,Baily,Business Development
185,Betteann,Support
186,Uta,Services
187,Aubine,Human Resources
188,Nollie,Sales
189,Ferris,Accounting
190,Merralee,Human Resources
191,Truman,Support
192,Yorgos,Support
193,Briana,Marketing
194,Christine,Sales
195,Carin,Engineering
196,Frederick,Engineering
197,Johann,Human Resources
198,Eben,Marketing
199,Elissa,Research and Development
200,Letti,Marketing
201,Cob,Business Development
202,Johnny,Training
203,Susanne,Business Development
204,Glenn,Services
205,Raviv,Legal
206,Binky,Product Management
207,Malvin,Product Management
208,Lorette,Product Management
209,Raynor,Legal
210,Nappie,Sales
211,Verene,Services
212,Erica,Marketing
213,Karin,Business Development
214,Rob,Engineering
215,Andrew,Services
216,Etienne,Services
217,Hubert,Human Resources
218,Rory,Services
219,Timofei,Services
220,Dunc,Research and Development
221,Mariel,Business Development
222,Jareb,Sales
223,Cher,Business Development
224,Lancelot,Marketing
225,Sherlocke,Accounting
226,Stephen,Accounting
227,Jere,Sales
228,Addy,Product Management
229,Isabel,Research and Development
230,Joye,Services
231,Lennie,Human Resources
232,Garrek,Marketing
233,Kellen,Legal
234,Robinet,Research and Development
235,Ethelin,Product Management
236,Zacharias,Training
237,Ezra,Support
238,Bernard,Sales
239,Stephan,Engineering
240,Brigid,Services
241,Bronson,Marketing
242,Eduard,Marketing
243,Noby,Sales
244,Nannie,Business Development
245,Aksel,Training
246,Demott,Services
247,Filberto,Research and Development
248,Guthrie,Marketing
249,Joellyn,Training
250,Aurlie,Legal
251,Gail,Research and Development
252,Doy,Business Development
253,Bellanca,Engineering
254,Lockwood,Training
255,Cobbie,Research and Development
256,Dee dee,Services
257,Philippe,Training
258,Lorry,Support
259,Carmel,Training
260,Brooke,Human Resources
261,Pavel,Marketing
262,Herminia,Research and Development
263,Christos,Research and Development
264,Pearle,Product Management
265,Alexina,Research and Development
266,Tarrance,Accounting
267,Roland,Support
268,Kelly,Accounting
269,Veda,Engineering
270,Hunfredo,Engineering
271,Marcellina,Business Development
272,Randi,Services
273,Pascale,Marketing
274,Christian,Engineering
275,Terza,Engineering
276,Riannon,Marketing
277,Lurline,Sales
278,Lyn,Engineering
279,Brit,Marketing
280,Alison,Training
281,Alvis,Services
282,Dew,Marketing
283,Brose,Business Development
284,Gregor,Engineering
285,Joseph,Support
286,Filip,Research and Development
287,Belvia,Business Development
288,Edgard,Research and Development
289,Cobby,Research and Development
290,Bethany,Product Management
291,Sianna,Legal
292,Nick,Marketing
293,Ugo,Research and Development
294,Rennie,Business Development
295,Almeta,Services
296,Chevy,Marketing
297,Cleo,Engineering
298,Starlin,Product Management
299,Myrlene,Business Development
300,Spencer,Research and Development
301,Adriane,Services
302,See,Support
303,Tracy,Accounting
304,Irene,Accounting
305,Arlan,Support
306,Melisse,Human Resources
307,Roch,Training
308,Vanya,Training
309,Georgy,Sales
310,Keelby,Support
311,Chane,Support
312,Jocelyne,Business Development
313,Judah,Business Development
314,Franciskus,Product Management
315,Hilary,Business Development
316,Christopher,Training
317,Werner,Services
318,Ansel,Business Development
319,Boot,Training
320,Zulema,Product Management
321,Aldus,Services
322,Adelaide,Engineering
323,Agustin,Product Management
324,Philomena,Legal
325,Nana,Legal
326,Christoph,Human Resources
327,Myrvyn,Sales
328,Odilia,Accounting
329,Felicle,Human Resources
330,Park,Research and Development
331,Stanly,Legal
332,Blinni,Marketing
333,Selie,Business Development
334,Elvira,Accounting
335,Ida,Marketing
336,Bernie,Product Management
337,Emmott,Business Development
338,Ernie,Support
339,Denny,Engineering
340,Braden,Human Resources
341,Mannie,Research and Development
342,Teddie,Business Development
343,Fraser,Product Management
344,Karrah,Engineering
345,Hi,Research and Development
346,Deni,Human Resources
347,Latia,Business Development
348,Mikol,Support
349,Jethro,Services
350,Alfreda,Support
351,Dredi,Sales
352,Kirby,Support
353,Aleece,Sales
354,Thorny,Legal
355,Erwin,Engineering
356,Bonny,Support
357,Ethelred,Research and Development
358,Dodie,Sales
359,Benjy,Sales
360,Bryn,Sales
361,Rosalinda,Engineering
362,Gordan,Engineering
363,Garv,Product Management
364,Abbie,Business Development
365,Axe,Services
366,Ashil,Marketing
367,Allie,Sales
368,Gabie,Product Management
369,Nertie,Accounting
370,Babara,Legal
371,Brady,Research and Development
372,Henriette,Accounting
373,Alene,Accounting
374,Dex,Services
375,Perry,Legal
376,Olympe,Training
377,Stacy,Research and Development
378,Gabbi,Legal
379,North,Research and Development
380,Fenelia,Sales
381,Gregoor,Sales
382,Keri,Engineering
383,Corrinne,Human Resources
384,Kynthia,Business Development
385,Fitzgerald,Human Resources
386,Cher,Marketing
387,Raine,Legal
388,Cary,Legal
389,Kristian,Legal
390,Cherrita,Legal
391,Thedrick,Engineering
392,Idalina,Support
393,Clemens,Services
394,Janetta,Research and Development
395,Tommie,Business Development
396,Rayner,Human Resources
397,Stacee,Research and Development
398,Davina,Accounting
399,Axe,Engineering
400,Florence,Accounting
401,Chris,Services
402,Reg,Accounting
403,Harmonie,Engineering
404,Tommie,Support
405,Joline,Research and Development
406,Kevan,Marketing
407,Melany,Sales
408,Nananne,Engineering
409,Roxanna,Training
410,Fielding,Research and Development
411,Carilyn,Marketing
412,Delia,Business Development
413,Tonya,Support
414,Sabra,Engineering
415,Raddie,Human Resources
416,Colene,Training
417,Kennan,Services
418,Terrill,Product Management
419,Kinny,Business Development
420,Markos,Legal
421,Grantham,Marketing
422,Kirstin,Legal
423,Lissa,Engineering
424,Lonnard,Marketing
425,Konstanze,Support
426,Roddie,Training
427,Calley,Training
428,Terrijo,Engineering
429,Bart,Marketing
430,Yulma,Support
431,Annecorinne,Support
432,Crawford,Legal
433,Jennilee,Support
434,Abram,Business Development
435,Powell,Accounting
436,Tad,Research and Development
437,Gregorio,Marketing
438,Beale,Sales
439,Christean,Research and Development
440,Malvin,Legal
441,Lemmy,Services
442,Laraine,Research and Development
443,Andrei,Human Resources
444,Parsifal,Services
445,Martie,Support
446,Holden,Business Development
447,Chauncey,Research and Development
448,Aube,Sales
449,Carrol,Support
450,Amby,Human Resources
451,Krystyna,Business Development
452,Britta,Services
453,Rochelle,Research and Development
454,Scarface,Services
455,Sebastiano,Accounting
456,Derby,Support
457,Sutherland,Business Development
458,Zondra,Research and Development
459,Robbi,Support
460,Osbert,Engineering
461,Kara,Training
462,Ardenia,Human Resources
463,Ida,Marketing
464,Joelynn,Product Management
465,Simone,Sales
466,Emilia,Business Development
467,Stephannie,Training
468,Mireille,Legal
469,Luciano,Marketing
470,Hastie,Engineering
471,Augustin,Marketing
472,Barbra,Marketing
473,Clemmy,Research and Development
474,Holmes,Business Development
475,Wylma,Accounting
476,Nance,Sales
477,Donnie,Product Management
478,Agosto,Sales
479,Genia,Training
480,Samantha,Engineering
481,Nedda,Marketing
482,Halsy,Services
483,Siward,Product Management
484,Gordon,Marketing
485,Rutter,Engineering
486,Florida,Support
487,Desiri,Services
488,Jessie,Accounting
489,Marsh,Marketing
490,Sidonnie,Support
491,Jordon,Support
492,Samson,Business Development
493,Orelia,Product Management
494,Darelle,Training
495,Hal,Product Management
496,Stesha,Sales
497,Berne,Training
498,Lorenza,Product Management
499,Jarrad,Product Management
500,Archambault,Legal
501,Hamil,Training
502,Daria,Sales
503,Taddeo,Services
504,Greggory,Business Development
505,Elizabeth,Product Management
506,Bartholomeo,Human Resources
507,Tawnya,Business Development
508,Elna,Accounting
509,Kylie,Legal
510,Nisse,Sales
511,Jenni,Human Resources
512,Paolo,Sales
513,Charline,Accounting
514,Bird,Services
515,Eugene,Support
516,Cris,Accounting
517,Denise,Legal
518,Clair,Legal
519,Lillis,Legal
520,Demetris,Research and Development
521,Victoria,Research and Development
522,Pepi,Product Management
523,Kellby,Services
524,Stephi,Accounting
525,Darcie,Human Resources
526,Harcourt,Services
527,Koralle,Services
528,Gerek,Business Development
529,Gabi,Sales
530,Taryn,Marketing
531,Merilee,Accounting
532,Wilt,Services
533,Lawton,Support
534,Theodosia,Support
535,Malory,Training
536,Daven,Research and Development
537,Nefen,Research and Development
538,Laverne,Product Management
539,Carin,Legal
540,Riane,Business Development
541,Lucien,Human Resources
542,Jud,Training
543,Lurleen,Legal
544,Berty,Product Management
545,Riccardo,Accounting
546,Ashil,Legal
547,Candice,Marketing
548,Dot,Services
549,Marshal,Human Resources
550,Bendicty,Research and Development
551,Sileas,Marketing
552,Korry,Human Resources
553,Clarisse,Training
554,Killian,Legal
555,Ninetta,Services
556,Borg,Support
557,Sammie,Human Resources
558,Steffen,Product Management
559,Beilul,Legal
560,Harri,Accounting
561,Cosetta,Training
562,Addia,Product Management
563,Jareb,Legal
564,Griffin,Accounting
565,Barby,Marketing
566,Thayne,Sales
567,Herbert,Sales
568,Dulce,Services
569,Kathrine,Business Development
570,Melly,Engineering
571,Donelle,Sales
572,Antonella,Engineering
573,Rod,Sales
574,Frankie,Training
575,Kirsti,Engineering
576,Shel,Research and Development
577,Colet,Services
578,Ainslie,Accounting
579,Grannie,Human Resources
580,Loni,Training
581,Kellby,Marketing
582,Eveline,Training
583,Lannie,Services
584,Lucilia,Accounting
585,Noreen,Services
586,Robin,Marketing
587,Baron,Legal
588,Lissy,Support
589,Lani,Training
590,Korie,Product Management
591,Chauncey,Engineering
592,Bibi,Human Resources
593,Martelle,Business Development
594,Stearne,Legal
595,Paulita,Engineering
596,Louise,Training
597,Billie,Support
598,Fallon,Human Resources
599,Camilla,Engineering
600,Walsh,Sales
601,Dorry,Research and Development
602,Janine,Support
603,Baird,Legal
604,Allys,Services
605,Glendon,Services
606,Halsy,Marketing
607,Ayn,Sales
608,Romonda,Human Resources
609,Zack,Support
610,Gail,Support
611,Perren,Sales
612,Ernie,Support
613,Iggie,Marketing
614,Horton,Services
615,Alfonse,Business Development
616,Minne,Engineering
617,Shea,Training
618,Pascale,Training
619,Gardner,Marketing
620,Gwenni,Services
621,Murielle,Accounting
622,Arney,Human Resources
623,Alvera,Research and Development
624,Gerry,Engineering
625,Elbert,Services
626,Aland,Accounting
627,Otes,Human Resources
628,Theodor,Human Resources
629,Ivar,Training
630,Cammy,Support
631,Linnea,Marketing
632,Roselin,Legal
633,Dorelia,Support
634,Charlene,Services
635,Elsinore,Human Resources
636,Adham,Business Development
637,Frederique,Sales
638,Lena,Engineering
639,Etienne,Support
640,Erminie,Training
641,Padraig,Training
642,Kristopher,Support
643,Devi,Legal
644,Ardys,Product Management
645,Chester,Human Resources
646,Karol,Training
647,Lonnie,Business Development
648,Solomon,Business Development
649,Ansell,Accounting
650,Rebbecca,Accounting
651,Karlens,Product Management
652,Gabbie,Business Development
653,Hillary,Legal
654,Olin,Training
655,Ursala,Research and Development
656,Courtnay,Accounting
657,Amalee,Legal
658,Ernesto,Marketing
659,Delmor,Engineering
660,Sarette,Sales
661,Roxy,Marketing
662,Candie,Research and Development
663,Camella,Sales
664,Netta,Training
665,Donovan,Sales
666,Ladonna,Marketing
667,Zena,Legal
668,Reg,Engineering
669,Clevie,Sales
670,Kaylyn,Services
671,Robinett,Human Resources
672,Erena,Services
673,Mattheus,Engineering
674,Kip,Training
675,Collette,Business Development
676,Gayel,Human Resources
677,Laurena,Services
678,Bettye,Training
679,Codee,Product Management
680,Natassia,Product Management
681,Guinna,Legal
682,Eugenius,Product Management
683,Carlita,Product Management
684,Cristi,Accounting
685,Simone,Sales
686,Linell,Sales
687,Sanson,Business Development
688,Ciro,Training
689,Vasili,Business Development
690,Lin,Training
691,Graig,Sales
692,Salomone,Product Management
693,Saundra,Sales
694,Luelle,Support
695,Haley,Services
696,Gwenny,Product Management
697,Alex,Research and Development
698,Selene,Engineering
699,Aristotle,Support
700,Aldridge,Research and Development
701,Jennie,Human Resources
702,Henderson,Product Management
703,Marybelle,Accounting
704,Norton,Marketing
705,Aleda,Product Management
706,Christina,Support
707,Milty,Training
708,Matt,Product Management
709,Humphrey,Human Resources
710,Mile,Human Resources
711,Morganne,Legal
712,Ronny,Research and Development
713,Tony,Support
714,Ewen,Research and Development
715,Inesita,Accounting
716,Jerrilyn,Legal
717,Hedwiga,Training
718,Rebeka,Sales
719,Lana,Services
720,Esmeralda,Human Resources
721,Mahmoud,Engineering
722,Sile,Sales
723,Jedidiah,Research and Development
724,Wynny,Training
725,Linnell,Research and Development
726,Riley,Accounting
727,Bo,Business Development
728,Rick,Marketing
729,Jo-anne,Research and Development
730,Ezmeralda,Research and Development
731,Jocko,Marketing
732,Elga,Research and Development
733,Ros,Accounting
734,Bevvy,Accounting
735,Esra,Research and Development
736,Bobby,Product Management
737,Gayleen,Marketing
738,Cornie,Product Management
739,Sean,Research and Development
740,Nicki,Sales
741,Nil,Support
742,Marie,Legal
743,Niall,Legal
744,Emmit,Marketing
745,Josi,Sales
746,Kendal,Engineering
747,Jock,Accounting
748,Adina,Training
749,Dorree,Research and Development
750,Nerty,Human Resources
751,Karlene,Services
752,Ines,Support
753,Florri,Accounting
754,Cami,Product Management
755,Hamid,Services
756,Lyndsie,Sales
757,Seana,Sales
758,Joella,Support
759,Law,Sales
760,Davis,Accounting
761,Emilio,Marketing
762,Tammie,Legal
763,Monty,Business Development
764,Eamon,Training
765,Barris,Product Management
766,Lyn,Business Development
767,Brandice,Legal
768,Davie,Business Development
769,Jocko,Business Development
770,Clari,Legal
771,Abelard,Legal
772,Brittni,Product Management
773,Ryann,Engineering
774,Adoree,Research and Development
775,Eleonore,Business Development
776,Weider,Legal
777,Katinka,Services
778,Zerk,Marketing
779,Jefferson,Services
780,Christopher,Legal
781,Bonny,Engineering
782,Beck,Services
783,Pam,Business Development
784,Marianna,Marketing
785,Morgun,Research and Development
786,Stanly,Support
787,Karena,Business Development
788,Hughie,Legal
789,Elvina,Sales
790,Brody,Support
791,Mathilda,Research and Development
792,Zenia,Legal
793,Arlana,Human Resources
794,Margot,Sales
795,Skyler,Services
796,Lamont,Support
797,Staci,Marketing
798,Wandis,Services
799,Marius,Sales
800,Galina,Product Management
801,Gabi,Business Development
802,Nobie,Legal
803,Sherm,Sales
804,Andros,Sales
805,Izzy,Research and Development
806,Margi,Human Resources
807,Pedro,Training
808,Phyllis,Sales
809,Tim,Legal
810,Gualterio,Engineering
811,Anthony,Business Development
812,Leodora,Services
813,Alexia,Services
814,Cora,Sales
815,Amber,Accounting
816,Rey,Services
817,Kaia,Legal
818,Tremaine,Human Resources
819,Kaiser,Human Resources
820,Chilton,Legal
821,Paulette,Engineering
822,Rusty,Human Resources
823,Orville,Support
824,Harri,Research and Development
825,Raphael,Business Development
826,Conni,Legal
827,Raynor,Training
828,West,Engineering
829,Grenville,Human Resources
830,Leodora,Business Development
831,Kimberlyn,Legal
832,Kellina,Human Resources
833,Tally,Research and Development
834,Kimberli,Services
835,Efren,Accounting
836,Vyky,Legal
837,Alie,Engineering
838,Dominik,Business Development
839,Lucine,Engineering
840,Prue,Training
841,See,Accounting
842,Dale,Accounting
843,Joleen,Accounting
844,Rourke,Research and Development
845,Travis,Support
846,Malorie,Training
847,Genna,Training
848,Jolene,Sales
849,Salomone,Human Resources
850,Mitzi,Business Development
851,Giacinta,Business Development
852,Amelie,Marketing
853,Oona,Accounting
854,Erhart,Sales
855,Indira,Sales
856,Bogey,Legal
857,Smitty,Sales
858,Cyrill,Product Management
859,Sheffield,Marketing
860,Tulley,Business Development
861,Joete,Accounting
862,Caressa,Engineering
863,Ronnie,Legal
864,Tremayne,Marketing
865,Bertha,Services
866,Goldie,Product Management
867,Garth,Services
868,Grange,Training
869,Aloisia,Services
870,Goldy,Research and Development
871,Josephina,Human Resources
872,Miguel,Legal
873,Prudi,Engineering
874,Alexina,Accounting
875,Micheline,Product Management
876,Barrie,Training
877,Christal,Training
878,Dominic,Product Management
879,Queenie,Business Development
880,Josephina,Accounting
881,Dwight,Services
882,Florence,Legal
883,Ugo,Product Management
884,Allene,Services
885,Antonin,Engineering
886,Sukey,Business Development
887,Vittoria,Human Resources
888,Christa,Research and Development
889,Dorry,Engineering
890,Sean,Human Resources
891,Norrie,Human Resources
892,Loren,Support
893,Nollie,Legal
894,Helsa,Engineering
895,Valentijn,Legal
896,Dyna,Sales
897,Nikolai,Sales
898,Edeline,Human Resources
899,Ferguson,Business Development
900,Caryl,Business Development
901,Shirlee,Support
902,Jere,Accounting
903,Aviva,Product Management
904,Britni,Marketing
905,Florella,Marketing
906,Kissee,Legal
907,Kori,Support
908,Sylvester,Training
909,Beitris,Sales
910,Timmie,Business Development
911,Stacee,Business Development
912,Ryley,Product Management
913,Darin,Business Development
914,Brandise,Engineering
915,Keriann,Product Management
916,Shayla,Business Development
917,Pavia,Accounting
918,Jessika,Product Management
919,Simone,Research and Development
920,Farly,Training
921,Rodie,Business Development
922,Craggy,Accounting
923,Leda,Services
924,Olag,Engineering
925,Edith,Business Development
926,Rosene,Research and Development
927,Roseann,Business Development
928,Enos,Business Development
929,Dominga,Sales
930,Dacia,Product Management
931,Rosalinde,Human Resources
932,Chickie,Business Development
933,Egon,Support
934,Meryl,Business Development
935,Doris,Human Resources
936,Evanne,Sales
937,Son,Research and Development
938,Ardys,Business Development
939,Corrianne,Training
940,Coralyn,Accounting
941,Ennis,Services
942,Karmen,Marketing
943,Valenka,Services
944,Roxi,Marketing
945,Row,Business Development
946,Staffard,Marketing
947,Derward,Support
948,Ulla,Accounting
949,Gerhardt,Human Resources
950,Anatol,Human Resources
951,Alec,Business Development
952,Paolina,Legal
953,Olin,Training
954,Sylvan,Training
955,Geoffry,Marketing
956,Gardiner,Research and Development
957,Keefer,Training
958,Gabie,Legal
959,Imogen,Training
960,Lucienne,Human Resources
961,Quentin,Legal
962,Dur,Sales
963,Conrade,Legal
964,Andeee,Training
965,Gearalt,Human Resources
966,Zackariah,Business Development
967,Harley,Product Management
968,Nickolaus,Training
969,Bernarr,Training
970,Waldemar,Support
971,Stavros,Legal
972,Eduino,Services
973,Jobey,Legal
974,Farlie,Product Management
975,Powell,Human Resources
976,Edin,Product Management
977,Mara,Services
978,Nye,Legal
979,Rhianon,Business Development
980,Augustine,Engineering
981,Mellisa,Sales
982,Jaquith,Human Resources
983,Cly,Research and Development
984,Marion,Research and Development
985,Shirlene,Marketing
986,Juditha,Legal
987,Ashely,Support
988,Ellissa,Accounting
989,Stinky,Support
990,Aimee,Human Resources
991,Katalin,Sales
992,Sanders,Research and Development
993,Brittany,Engineering
994,Allen,Product Management
995,Winifred,Product Management
996,Tammy,Services
997,Willyt,Accounting
998,Lindsay,Support
999,Kristofer,Product Management
1000,Bridget,Accounting
